{
    "format_version": "1.16.100",
    "minecraft:item": {
        "description": {
            "category": "equipment",
            "identifier": "thatchy:sword_3"
        },
        "components": {
            "minecraft:icon": {
                "texture": "thatchy:sword_3"
            },
            "minecraft:creative_category": {
                "parent": "itemGroup.name.sword"
            },
            "minecraft:max_stack_size": 1,
            "minecraft:hand_equipped": true,
            "minecraft:allow_off_hand": true,
            "minecraft:mining_speed": 1.5,
            "minecraft:durability": {
                "max_durability": 3000,
                "damage_chance": {
                    "min": 1,
                    "max": 2
                }
            },
            "minecraft:digger": {
                "use_efficiency": false,
                "destroy_speeds": [
                    {
                        "block": "minecraft:web",
                        "speed": 13,
                        "on_dig": {
                            "event": "dmg"
                        }
                    },
                    {
                        "block": "minecraft:bamboo",
                        "speed": 13,
                        "on_dig": {
                            "event": "dmg"
                        }
                    }
                ],
                "on_dig": {
                    "event": "dmg"
                }
            },
            "minecraft:damage": 25,
            "minecraft:can_destroy_in_creative": false,
            "minecraft:enchantable": {
                "value": 15,
                "slot": "sword"
            },
            "minecraft:weapon": {
                "on_hurt_entity": {
                    "event": "gg"
                },
                "on_not_hurt_entity": {
                    "event": "dmg"
                },
                "on_hit_block": {
                    "event": "dmg"
                }
            },
            "tag:minecraft:is_sword": {},
            "minecraft:display_name": {
                "value": "§cSword"
            }
        },
        "events": {
            "dmg": {
                "damage": {
                    "type": "none",
                    "amount": 1,
                    "target": "self"
                }
            },
            "gg": {
                "sequence": [
                    {
                        "damage": {
                            "type": "none",
                            "amount": 1,
                            "target": "self"
                        }
                    },
                    {
                        "add_mob_effect": {
                            "target": "other",
                            "duration": 10,
                            "amplifier": 1,
                            "effect": "weakness"
                        }
                    }
                ]
            },
            "on_tool_used": {
                "swing": {},
                "damage": {
                    "type": "durability",
                    "amount": 1,
                    "target": "self"
                }
            }
        }
    }
}