{
  "format_version": "1.12",
  "minecraft:recipe_shaped": {
    "description": {
      "identifier": "thatchy:sword"
    },
    "tags": [
      "crafting_table"
    ],
    "pattern": [
      "  A",
      "CA ",
      "BC "
    ],
    "key": {
      "A": {
        "item": "minecraft:amethyst_shard",
        "data": 0
      },
      "B": {
        "item": "thatchy:stick",
        "data": 0
      },
      "C": {
        "item": "thatchy:base",
        "data": 0
      }
    },
    "result": {
      "item": "thatchy:sword",
      "count": 1
    }
  }
}