{
    "format_version": "1.17.0",
    "minecraft:item": {
        "description": {
            "identifier": "thatchy:pickaxe_2",
            "category": "equipment"
        },
        "components": {
            "minecraft:max_stack_size": 1,
            "minecraft:hand_equipped": true,
            "minecraft:durability": {
                "max_durability": 3000,
                "damage_chance": {
                    "min": 60,
                    "max": 100
                }
            },
            "tag:is_strong_pickaxe": {},
            "minecraft:mining_speed": 8,
            "minecraft:damage": 10,
            "minecraft:enchantable": {
                "value": 23,
                "slot": "pickaxe"
            },
            "minecraft:icon": {
                "texture": "thatchy:pickaxe_2"
            },
            "minecraft:display_name": {
                "value": "§3Pickaxe"
            },
            "minecraft:weapon": {
                "on_hurt_entity": {
                    "event": "gg"
                },
                "on_not_hurt_entity": {
                    "event": "dmg"
                },
                "on_hit_block": {
                    "event": "dmg"
                }
            },
            "minecraft:digger": {
                "use_efficiency": true,
                "destroy_speeds": [
                    {
                        "block": {
                            "tags": "q.any_tag('stone', 'metal', 'diamond_pick_diggable')"
                        },
                        "speed": 13,
                        "on_dig": {
                            "event": "dmg"
                        }
                    },
                    {
                        "block": "minecraft:obsidian",
                        "speed": 13,
                        "on_dig": {
                            "event": "dmg"
                        }
                    },
                    {
                        "block": "minecraft:lodestone",
                        "speed": 13,
                        "on_dig": {
                            "event": "dmg"
                        }
                    },
                    {
                        "block": "minecraft:coal_ore",
                        "speed": 13,
                        "on_dig": {
                            "event": "dmg"
                        }
                    },
                    {
                        "block": "minecraft:packed_mud",
                        "speed": 13,
                        "on_dig": {
                            "event": "dmg"
                        }
                    },
                    {
                        "block": "minecraft:mud_bricks",
                        "speed": 13,
                        "on_dig": {
                            "event": "dmg"
                        }
                    },
                    {
                        "block": "minecraft:mud_brick_stairs",
                        "speed": 13,
                        "on_dig": {
                            "event": "dmg"
                        }
                    },
                    {
                        "block": "minecraft:mud_wall",
                        "speed": 13,
                        "on_dig": {
                            "event": "dmg"
                        }
                    },
                    {
                        "block": "minecraft:iron_block",
                        "speed": 13,
                        "on_dig": {
                            "event": "dmg"
                        }
                    },
                    {
                        "block": "minecraft:gold_block",
                        "speed": 13,
                        "on_dig": {
                            "event": "dmg"
                        }
                    },
                    {
                        "block": "minecraft:brick_block",
                        "speed": 13,
                        "on_dig": {
                            "event": "dmg"
                        }
                    },
                    {
                        "block": "minecraft:red_sandstone",
                        "speed": 13,
                        "on_dig": {
                            "event": "dmg"
                        }
                    },
                    {
                        "block": "minecraft:polished_andesite_stairs",
                        "speed": 13,
                        "on_dig": {
                            "event": "dmg"
                        }
                    },
                    {
                        "block": "minecraft:smooth_quartz_stairs",
                        "speed": 13,
                        "on_dig": {
                            "event": "dmg"
                        }
                    },
                    {
                        "block": "minecraft:brick_slab",
                        "speed": 13,
                        "on_dig": {
                            "event": "dmg"
                        }
                    },
                    {
                        "block": "minecraft:red_nether_brick_wall",
                        "speed": 13,
                        "on_dig": {
                            "event": "dmg"
                        }
                    },
                    {
                        "block": "minecraft:brick_stairs",
                        "speed": 13,
                        "on_dig": {
                            "event": "dmg"
                        }
                    },
                    {
                        "block": "minecraft:smooth_sandstone_stairs",
                        "speed": 13,
                        "on_dig": {
                            "event": "dmg"
                        }
                    },
                    {
                        "block": "minecraft:cobblestone_wall",
                        "speed": 13,
                        "on_dig": {
                            "event": "dmg"
                        }
                    },
                    {
                        "block": "minecraft:deepslate_brick_wall",
                        "speed": 13,
                        "on_dig": {
                            "event": "dmg"
                        }
                    },
                    {
                        "block": "minecraft:deepslate_tile_wall",
                        "speed": 13,
                        "on_dig": {
                            "event": "dmg"
                        }
                    },
                    {
                        "block": "minecraft:polished_deepslate_wall",
                        "speed": 13,
                        "on_dig": {
                            "event": "dmg"
                        }
                    },
                    {
                        "block": "minecraft:polished_blackstone_brick_wall",
                        "speed": 13,
                        "on_dig": {
                            "event": "dmg"
                        }
                    },
                    {
                        "block": "minecraft:polished_blackstone_wall",
                        "speed": 13,
                        "on_dig": {
                            "event": "dmg"
                        }
                    },
                    {
                        "block": "minecraft:blackstone_wall",
                        "speed": 13,
                        "on_dig": {
                            "event": "dmg"
                        }
                    },
                    {
                        "block": "minecraft:stone_stairs",
                        "speed": 13,
                        "on_dig": {
                            "event": "dmg"
                        }
                    },
                    {
                        "block": "minecraft:mossy_cobblestone_stairs",
                        "speed": 13,
                        "on_dig": {
                            "event": "dmg"
                        }
                    },
                    {
                        "block": "minecraft:stone_brick_stairs",
                        "speed": 13,
                        "on_dig": {
                            "event": "dmg"
                        }
                    },
                    {
                        "block": "minecraft:mossy_stone_brick_stairs",
                        "speed": 13,
                        "on_dig": {
                            "event": "dmg"
                        }
                    },
                    {
                        "block": "minecraft:stone_block_slab4",
                        "speed": 13,
                        "on_dig": {
                            "event": "dmg"
                        }
                    },
                    {
                        "block": "minecraft:double_stone_block_slab4",
                        "speed": 13,
                        "on_dig": {
                            "event": "dmg"
                        }
                    },
                    {
                        "block": "minecraft:coal_block",
                        "speed": 13,
                        "on_dig": {
                            "event": "dmg"
                        }
                    },
                    {
                        "block": "minecraft:sandstone_stairs",
                        "speed": 13,
                        "on_dig": {
                            "event": "dmg"
                        }
                    },
                    {
                        "block": "minecraft:nether_brick_stairs",
                        "speed": 13,
                        "on_dig": {
                            "event": "dmg"
                        }
                    },
                    {
                        "block": "minecraft:red_nether_brick_stairs",
                        "speed": 13,
                        "on_dig": {
                            "event": "dmg"
                        }
                    },
                    {
                        "block": "minecraft:normal_stone_stairs",
                        "speed": 13,
                        "on_dig": {
                            "event": "dmg"
                        }
                    },
                    {
                        "block": "minecraft:blackstone_slab",
                        "speed": 13,
                        "on_dig": {
                            "event": "dmg"
                        }
                    },
                    {
                        "block": "minecraft:blackstone_double_slab",
                        "speed": 13,
                        "on_dig": {
                            "event": "dmg"
                        }
                    },
                    {
                        "block": "minecraft:cracked_polished_blackstone_bricks",
                        "speed": 13,
                        "on_dig": {
                            "event": "dmg"
                        }
                    },
                    {
                        "block": "minecraft:polished_blackstone_bricks",
                        "speed": 13,
                        "on_dig": {
                            "event": "dmg"
                        }
                    },
                    {
                        "block": "minecraft:polished_blackstone_double_slab",
                        "speed": 13,
                        "on_dig": {
                            "event": "dmg"
                        }
                    },
                    {
                        "block": "minecraft:polished_blackstone_slab",
                        "speed": 13,
                        "on_dig": {
                            "event": "dmg"
                        }
                    },
                    {
                        "block": "minecraft:polished_blackstone_brick_double_slab",
                        "speed": 13,
                        "on_dig": {
                            "event": "dmg"
                        }
                    },
                    {
                        "block": "minecraft:polished_blackstone_brick_slab",
                        "speed": 13,
                        "on_dig": {
                            "event": "dmg"
                        }
                    },
                    {
                        "block": "minecraft:granite_stairs",
                        "speed": 13,
                        "on_dig": {
                            "event": "dmg"
                        }
                    },
                    {
                        "block": "minecraft:polished_granite_stairs",
                        "speed": 13,
                        "on_dig": {
                            "event": "dmg"
                        }
                    },
                    {
                        "block": "minecraft:diorite_stairs",
                        "speed": 13,
                        "on_dig": {
                            "event": "dmg"
                        }
                    },
                    {
                        "block": "minecraft:polished_diorite_stairs",
                        "speed": 13,
                        "on_dig": {
                            "event": "dmg"
                        }
                    },
                    {
                        "block": "minecraft:iron_door",
                        "speed": 13,
                        "on_dig": {
                            "event": "dmg"
                        }
                    },
                    {
                        "block": "minecraft:bell",
                        "speed": 13,
                        "on_dig": {
                            "event": "dmg"
                        }
                    },
                    {
                        "block": "minecraft:redstone_ore",
                        "speed": 13,
                        "on_dig": {
                            "event": "dmg"
                        }
                    },
                    {
                        "block": "minecraft:diamond_ore",
                        "speed": 13,
                        "on_dig": {
                            "event": "dmg"
                        }
                    },
                    {
                        "block": "minecraft:coal_ore",
                        "speed": 13,
                        "on_dig": {
                            "event": "dmg"
                        }
                    },
                    {
                        "block": "minecraft:emerald_ore",
                        "speed": 13,
                        "on_dig": {
                            "event": "dmg"
                        }
                    },
                    {
                        "block": "minecraft:lapis_ore",
                        "speed": 13,
                        "on_dig": {
                            "event": "dmg"
                        }
                    },
                    {
                        "block": "minecraft:iron_ore",
                        "speed": 13,
                        "on_dig": {
                            "event": "dmg"
                        }
                    },
                    {
                        "block": "minecraft:gold_ore",
                        "speed": 13,
                        "on_dig": {
                            "event": "dmg"
                        }
                    },
                    {
                        "block": "minecraft:dispenser",
                        "speed": 13,
                        "on_dig": {
                            "event": "dmg"
                        }
                    },
                    {
                        "block": "minecraft:dropper",
                        "speed": 13,
                        "on_dig": {
                            "event": "dmg"
                        }
                    },
                    {
                        "block": "minecraft:observer",
                        "speed": 13,
                        "on_dig": {
                            "event": "dmg"
                        }
                    },
                    {
                        "block": "minecraft:conduit",
                        "speed": 13,
                        "on_dig": {
                            "event": "dmg"
                        }
                    },
                    {
                        "block": "minecraft:cauldron",
                        "speed": 13,
                        "on_dig": {
                            "event": "dmg"
                        }
                    },
                    {
                        "block": "minecraft:cobblestone",
                        "speed": 13,
                        "on_dig": {
                            "event": "dmg"
                        }
                    },
                    {
                        "block": "minecraft:mossy_cobblestone",
                        "speed": 13,
                        "on_dig": {
                            "event": "dmg"
                        }
                    },
                    {
                        "block": "minecraft:nether_brick",
                        "speed": 13,
                        "on_dig": {
                            "event": "dmg"
                        }
                    },
                    {
                        "block": "minecraft:red_nether_brick",
                        "speed": 13,
                        "on_dig": {
                            "event": "dmg"
                        }
                    },
                    {
                        "block": "minecraft:cracked_nether_bricks",
                        "speed": 13,
                        "on_dig": {
                            "event": "dmg"
                        }
                    },
                    {
                        "block": "minecraft:chiseled_nether_bricks",
                        "speed": 13,
                        "on_dig": {
                            "event": "dmg"
                        }
                    },
                    {
                        "block": "minecraft:nether_brick_fence",
                        "speed": 13,
                        "on_dig": {
                            "event": "dmg"
                        }
                    },
                    {
                        "block": "minecraft:polished_blackstone",
                        "speed": 13,
                        "on_dig": {
                            "event": "dmg"
                        }
                    },
                    {
                        "block": "minecraft:chiseled_polished_blackstone",
                        "speed": 13,
                        "on_dig": {
                            "event": "dmg"
                        }
                    },
                    {
                        "block": "minecraft:blackstone",
                        "speed": 13,
                        "on_dig": {
                            "event": "dmg"
                        }
                    },
                    {
                        "block": "minecraft:stone",
                        "speed": 13,
                        "on_dig": {
                            "event": "dmg"
                        }
                    },
                    {
                        "block": "minecraft:rail",
                        "speed": 13,
                        "on_dig": {
                            "event": "dmg"
                        }
                    },
                    {
                        "block": "minecraft:blue_ice",
                        "speed": 13,
                        "on_dig": {
                            "event": "dmg"
                        }
                    },
                    {
                        "block": "minecraft:ice",
                        "speed": 13,
                        "on_dig": {
                            "event": "dmg"
                        }
                    },
                    {
                        "block": "minecraft:packed_ice",
                        "speed": 13,
                        "on_dig": {
                            "event": "dmg"
                        }
                    },
                    {
                        "block": "minecraft:frosted_ice",
                        "speed": 13,
                        "on_dig": {
                            "event": "dmg"
                        }
                    },
                    {
                        "block": "minecraft:stone_pressure_plate",
                        "speed": 13,
                        "on_dig": {
                            "event": "dmg"
                        }
                    },
                    {
                        "block": "minecraft:stone_button",
                        "speed": 13,
                        "on_dig": {
                            "event": "dmg"
                        }
                    },
                    {
                        "block": "minecraft:polished_blackstone_pressure_plate",
                        "speed": 13,
                        "on_dig": {
                            "event": "dmg"
                        }
                    },
                    {
                        "block": "minecraft:light_weighted_pressure_plate",
                        "speed": 13,
                        "on_dig": {
                            "event": "dmg"
                        }
                    },
                    {
                        "block": "minecraft:heavy_weighted_pressure_plate",
                        "speed": 13,
                        "on_dig": {
                            "event": "dmg"
                        }
                    },
                    {
                        "block": "minecraft:tuff",
                        "speed": 13,
                        "on_dig": {
                            "event": "dmg"
                        }
                    },
                    {
                        "block": "minecraft:iron_bars",
                        "speed": 13,
                        "on_dig": {
                            "event": "dmg"
                        }
                    },
                    {
                        "block": "minecraft:hardened_clay",
                        "speed": 13,
                        "on_dig": {
                            "event": "dmg"
                        }
                    },
                    {
                        "block": "minecraft:stained_hardened_clay",
                        "speed": 13,
                        "on_dig": {
                            "event": "dmg"
                        }
                    },
                    {
                        "block": "minecraft:concrete",
                        "speed": 13,
                        "on_dig": {
                            "event": "dmg"
                        }
                    },
                    {
                        "block": "minecraft:undyed_shulker_box",
                        "speed": 13,
                        "on_dig": {
                            "event": "dmg"
                        }
                    },
                    {
                        "block": "minecraft:polished_blackstone_brick_stairs",
                        "speed": 13,
                        "on_dig": {
                            "event": "dmg"
                        }
                    },
                    {
                        "block": "minecraft:polished_blackstone_stairs",
                        "speed": 13,
                        "on_dig": {
                            "event": "dmg"
                        }
                    },
                    {
                        "block": "minecraft:stone_brick_stairs",
                        "speed": 13,
                        "on_dig": {
                            "event": "dmg"
                        }
                    },
                    {
                        "block": "minecraft:deepslate_lapis_ore",
                        "speed": 13,
                        "on_dig": {
                            "event": "dmg"
                        }
                    },
                    {
                        "block": "minecraft:cracked_deepslate_bricks",
                        "speed": 30,
                        "on_dig": {
                            "event": "dmg"
                        }
                    },
                    {
                        "block": "minecraft:polished_deepslate",
                        "speed": 30,
                        "on_dig": {
                            "event": "dmg"
                        }
                    },
                    {
                        "block": "minecraft:deepslate_bricks",
                        "speed": 30,
                        "on_dig": {
                            "event": "dmg"
                        }
                    },
                    {
                        "block": "minecraft:cracked_deepslate_tiles",
                        "speed": 30,
                        "on_dig": {
                            "event": "dmg"
                        }
                    },
                    {
                        "block": "minecraft:deepslate_tiles",
                        "speed": 30,
                        "on_dig": {
                            "event": "dmg"
                        }
                    },
                    {
                        "block": "minecraft:shulker_box",
                        "speed": 13,
                        "on_dig": {
                            "event": "dmg"
                        }
                    },
                    {
                        "block": "minecraft:prismarine",
                        "speed": 13,
                        "on_dig": {
                            "event": "dmg"
                        }
                    },
                    {
                        "block": "minecraft:small_amethyst_bud",
                        "speed": 13,
                        "on_dig": {
                            "event": "dmg"
                        }
                    },
                    {
                        "block": "minecraft:medium_amethyst_bud",
                        "speed": 13,
                        "on_dig": {
                            "event": "dmg"
                        }
                    },
                    {
                        "block": "minecraft:large_amethyst_bud",
                        "speed": 13,
                        "on_dig": {
                            "event": "dmg"
                        }
                    },
                    {
                        "block": "minecraft:amethyst_cluster",
                        "speed": 13,
                        "on_dig": {
                            "event": "dmg"
                        }
                    },
                    {
                        "block": "minecraft:amethyst_block",
                        "speed": 13,
                        "on_dig": {
                            "event": "dmg"
                        }
                    },
                    {
                        "block": "minecraft:copper_block",
                        "speed": 13,
                        "on_dig": {
                            "event": "dmg"
                        }
                    },
                    {
                        "block": "minecraft:exposed_copper",
                        "speed": 13,
                        "on_dig": {
                            "event": "dmg"
                        }
                    },
                    {
                        "block": "minecraft:weathered_copper",
                        "speed": 13,
                        "on_dig": {
                            "event": "dmg"
                        }
                    },
                    {
                        "block": "minecraft:oxidized_copper",
                        "speed": 13,
                        "on_dig": {
                            "event": "dmg"
                        }
                    },
                    {
                        "block": "minecraft:waxed_copper",
                        "speed": 13,
                        "on_dig": {
                            "event": "dmg"
                        }
                    },
                    {
                        "block": "minecraft:waxed_exposed_copper",
                        "speed": 13,
                        "on_dig": {
                            "event": "dmg"
                        }
                    },
                    {
                        "block": "minecraft:waxed_weathered_copper",
                        "speed": 13,
                        "on_dig": {
                            "event": "dmg"
                        }
                    },
                    {
                        "block": "minecraft:waxed_oxidized_copper",
                        "speed": 13,
                        "on_dig": {
                            "event": "dmg"
                        }
                    },
                    {
                        "block": "minecraft:cut_copper",
                        "speed": 13,
                        "on_dig": {
                            "event": "dmg"
                        }
                    },
                    {
                        "block": "minecraft:exposed_cut_copper",
                        "speed": 13,
                        "on_dig": {
                            "event": "dmg"
                        }
                    },
                    {
                        "block": "minecraft:weathered_cut_copper",
                        "speed": 13,
                        "on_dig": {
                            "event": "dmg"
                        }
                    },
                    {
                        "block": "minecraft:oxidized_cut_copper",
                        "speed": 13,
                        "on_dig": {
                            "event": "dmg"
                        }
                    },
                    {
                        "block": "minecraft:waxed_cut_copper",
                        "speed": 13,
                        "on_dig": {
                            "event": "dmg"
                        }
                    },
                    {
                        "block": "minecraft:waxed_exposed_cut_copper",
                        "speed": 13,
                        "on_dig": {
                            "event": "dmg"
                        }
                    },
                    {
                        "block": "minecraft:amethyst_cluster",
                        "speed": 13,
                        "on_dig": {
                            "event": "dmg"
                        }
                    },
                    {
                        "block": "minecraft:waxed_weathered_cut_copper",
                        "speed": 13,
                        "on_dig": {
                            "event": "dmg"
                        }
                    },
                    {
                        "block": "minecraft:waxed_oxidized_cut_copper",
                        "speed": 13,
                        "on_dig": {
                            "event": "dmg"
                        }
                    },
                    {
                        "block": "minecraft:raw_copper_block",
                        "speed": 13,
                        "on_dig": {
                            "event": "dmg"
                        }
                    },
                    {
                        "block": "minecraft:raw_gold_block",
                        "speed": 13,
                        "on_dig": {
                            "event": "dmg"
                        }
                    },
                    {
                        "block": "minecraft:raw_iron_block",
                        "speed": 13,
                        "on_dig": {
                            "event": "dmg"
                        }
                    },
                    {
                        "block": "minecraft:budding_amethyst",
                        "speed": 13,
                        "on_dig": {
                            "event": "dmg"
                        }
                    },
                    {
                        "block": "minecraft:calcite",
                        "speed": 13,
                        "on_dig": {
                            "event": "dmg"
                        }
                    },
                    {
                        "block": "minecraft:cobbled_deepslate",
                        "speed": 13,
                        "on_dig": {
                            "event": "dmg"
                        }
                    },
                    {
                        "block": "minecraft:copper_ore",
                        "speed": 13,
                        "on_dig": {
                            "event": "dmg"
                        }
                    },
                    {
                        "block": "minecraft:deepslate_copper_ore",
                        "speed": 13,
                        "on_dig": {
                            "event": "dmg"
                        }
                    },
                    {
                        "block": "minecraft:double_cut_copper_slab",
                        "speed": 13,
                        "on_dig": {
                            "event": "dmg"
                        }
                    },
                    {
                        "block": "minecraft:cut_copper_slab",
                        "speed": 13,
                        "on_dig": {
                            "event": "dmg"
                        }
                    },
                    {
                        "block": "minecraft:exposed_double_cut_copper_slab",
                        "speed": 13,
                        "on_dig": {
                            "event": "dmg"
                        }
                    },
                    {
                        "block": "minecraft:exposed_cut_copper_slab",
                        "speed": 13,
                        "on_dig": {
                            "event": "dmg"
                        }
                    },
                    {
                        "block": "minecraft:weathered_double_cut_copper_slab",
                        "speed": 13,
                        "on_dig": {
                            "event": "dmg"
                        }
                    },
                    {
                        "block": "minecraft:weathered_cut_copper_slab",
                        "speed": 13,
                        "on_dig": {
                            "event": "dmg"
                        }
                    },
                    {
                        "block": "minecraft:oxidized_double_cut_copper_slab",
                        "speed": 13,
                        "on_dig": {
                            "event": "dmg"
                        }
                    },
                    {
                        "block": "minecraft:waxed_cut_copper_slab",
                        "speed": 13,
                        "on_dig": {
                            "event": "dmg"
                        }
                    },
                    {
                        "block": "minecraft:waxed_exposed_double_cut_copper_slab",
                        "speed": 13,
                        "on_dig": {
                            "event": "dmg"
                        }
                    },
                    {
                        "block": "minecraft:waxed_exposed_cut_copper_slab",
                        "speed": 13,
                        "on_dig": {
                            "event": "dmg"
                        }
                    },
                    {
                        "block": "minecraft:waxed_weathered_double_cut_copper_slab",
                        "speed": 13,
                        "on_dig": {
                            "event": "dmg"
                        }
                    },
                    {
                        "block": "minecraft:waxed_weathered_cut_copper_slab",
                        "speed": 13,
                        "on_dig": {
                            "event": "dmg"
                        }
                    },
                    {
                        "block": "minecraft:waxed_oxidized_double_cut_copper_slab",
                        "speed": 13,
                        "on_dig": {
                            "event": "dmg"
                        }
                    },
                    {
                        "block": "minecraft:waxed_oxidized_cut_copper_slab",
                        "speed": 13,
                        "on_dig": {
                            "event": "dmg"
                        }
                    },
                    {
                        "block": "minecraft:cobbled_deepslate_double_slab",
                        "speed": 13,
                        "on_dig": {
                            "event": "dmg"
                        }
                    },
                    {
                        "block": "minecraft:cobbled_deepslate_slab",
                        "speed": 13,
                        "on_dig": {
                            "event": "dmg"
                        }
                    },
                    {
                        "block": "minecraft:polished_deepslate_double_slab",
                        "speed": 13,
                        "on_dig": {
                            "event": "dmg"
                        }
                    },
                    {
                        "block": "minecraft:polished_deepslate_slab",
                        "speed": 13,
                        "on_dig": {
                            "event": "dmg"
                        }
                    },
                    {
                        "block": "minecraft:deepslate_brick_double_slab",
                        "speed": 13,
                        "on_dig": {
                            "event": "dmg"
                        }
                    },
                    {
                        "block": "minecraft:deepslate_brick_slab",
                        "speed": 13,
                        "on_dig": {
                            "event": "dmg"
                        }
                    },
                    {
                        "block": "minecraft:deepslate_tile_double_slab",
                        "speed": 13,
                        "on_dig": {
                            "event": "dmg"
                        }
                    },
                    {
                        "block": "minecraft:deepslate_tile_slab",
                        "speed": 13,
                        "on_dig": {
                            "event": "dmg"
                        }
                    },
                    {
                        "block": "minecraft:cut_copper_stairs",
                        "speed": 13,
                        "on_dig": {
                            "event": "dmg"
                        }
                    },
                    {
                        "block": "minecraft:exposed_cut_copper_stairs",
                        "speed": 13,
                        "on_dig": {
                            "event": "dmg"
                        }
                    },
                    {
                        "block": "minecraft:weathered_cut_copper_stairs",
                        "speed": 13,
                        "on_dig": {
                            "event": "dmg"
                        }
                    },
                    {
                        "block": "minecraft:oxidized_cut_copper_stairs",
                        "speed": 13,
                        "on_dig": {
                            "event": "dmg"
                        }
                    },
                    {
                        "block": "minecraft:waxed_cut_copper_stairs",
                        "speed": 13,
                        "on_dig": {
                            "event": "dmg"
                        }
                    },
                    {
                        "block": "minecraft:waxed_exposed_cut_copper_stairs",
                        "speed": 13,
                        "on_dig": {
                            "event": "dmg"
                        }
                    },
                    {
                        "block": "minecraft:smooth_basalt",
                        "speed": 13,
                        "on_dig": {
                            "event": "dmg"
                        }
                    },
                    {
                        "block": "minecraft:pointed_dripstone",
                        "speed": 13,
                        "on_dig": {
                            "event": "dmg"
                        }
                    },
                    {
                        "block": "minecraft:dripstone_block",
                        "speed": 13,
                        "on_dig": {
                            "event": "dmg"
                        }
                    },
                    {
                        "block": "minecraft:cobbled_deepslate_double_slab",
                        "speed": 13,
                        "on_dig": {
                            "event": "dmg"
                        }
                    },
                    {
                        "block": "minecraft:deepslate_gold_ore",
                        "speed": 13,
                        "on_dig": {
                            "event": "dmg"
                        }
                    },
                    {
                        "block": "minecraft:deepslate_iron_ore",
                        "speed": 13,
                        "on_dig": {
                            "event": "dmg"
                        }
                    },
                    {
                        "block": "minecraft:deepslate_diamond_ore",
                        "speed": 13,
                        "on_dig": {
                            "event": "dmg"
                        }
                    },
                    {
                        "block": "minecraft:deepslate_coal_ore",
                        "speed": 13,
                        "on_dig": {
                            "event": "dmg"
                        }
                    },
                    {
                        "block": "minecraft:deepslate_emerald_ore",
                        "speed": 13,
                        "on_dig": {
                            "event": "dmg"
                        }
                    },
                    {
                        "block": "minecraft:deepslate",
                        "speed": 13,
                        "on_dig": {
                            "event": "dmg"
                        }
                    },
                    {
                        "block": "minecraft:deepslate_tile_stairs",
                        "speed": 13,
                        "on_dig": {
                            "event": "dmg"
                        }
                    },
                    {
                        "block": "minecraft:deepslate_brick_stairs",
                        "speed": 13,
                        "on_dig": {
                            "event": "dmg"
                        }
                    },
                    {
                        "block": "minecraft:exposed_cut_copper_stairs",
                        "speed": 13,
                        "on_dig": {
                            "event": "dmg"
                        }
                    },
                    {
                        "block": "minecraft:polished_deepslate_stairs",
                        "speed": 13,
                        "on_dig": {
                            "event": "dmg"
                        }
                    },
                    {
                        "block": "minecraft:cobbled_deepslate_stairs",
                        "speed": 13,
                        "on_dig": {
                            "event": "dmg"
                        }
                    },
                    {
                        "block": "minecraft:waxed_oxidized_cut_copper_stairs",
                        "speed": 13,
                        "on_dig": {
                            "event": "dmg"
                        }
                    },
                    {
                        "block": "minecraft:waxed_weathered_cut_copper_stairs",
                        "speed": 13,
                        "on_dig": {
                            "event": "dmg"
                        }
                    },
                    {
                        "block": "minecraft:stonecutter_block",
                        "speed": 13,
                        "on_dig": {
                            "event": "dmg"
                        }
                    },
                    {
                        "block": "minecraft:dispenser",
                        "speed": 13,
                        "on_dig": {
                            "event": "dmg"
                        }
                    },
                    {
                        "block": "minecraft:deropper",
                        "speed": 13,
                        "on_dig": {
                            "event": "dmg"
                        }
                    },
                    {
                        "block": "minecraft:piston",
                        "speed": 13,
                        "on_dig": {
                            "event": "dmg"
                        }
                    },
                    {
                        "block": "minecraft:double_stone_slab2",
                        "speed": 13,
                        "on_dig": {
                            "event": "dmg"
                        }
                    },
                    {
                        "block": "minecraft:stone_slab4",
                        "speed": 13,
                        "on_dig": {
                            "event": "dmg"
                        }
                    },
                    {
                        "block": "minecraft:prismarine_bricks_stairs",
                        "speed": 13,
                        "on_dig": {
                            "event": "dmg"
                        }
                    },
                    {
                        "block": "minecraft:prismarine_stairs",
                        "speed": 13,
                        "on_dig": {
                            "event": "dmg"
                        }
                    },
                    {
                        "block": "minecraft:dark_prismarine_stairs",
                        "speed": 13,
                        "on_dig": {
                            "event": "dmg"
                        }
                    },
                    {
                        "block": "minecraft:ice",
                        "speed": 13,
                        "on_dig": {
                            "event": "dmg"
                        }
                    },
                    {
                        "block": "minecraft:iron_trapdoor",
                        "speed": 13,
                        "on_dig": {
                            "event": "dmg"
                        }
                    },
                    {
                        "block": "minecraft:nether_brick_fence",
                        "speed": 13,
                        "on_dig": {
                            "event": "dmg"
                        }
                    },
                    {
                        "block": "minecraft:crying_obsidian",
                        "speed": 13,
                        "on_dig": {
                            "event": "dmg"
                        }
                    },
                    {
                        "block": "minecraft:magma",
                        "speed": 13,
                        "on_dig": {
                            "event": "dmg"
                        }
                    },
                    {
                        "block": "minecraft:smoker",
                        "speed": 13,
                        "on_dig": {
                            "event": "dmg"
                        }
                    },
                    {
                        "block": "minecraft:lit_smoker",
                        "speed": 13,
                        "on_dig": {
                            "event": "dmg"
                        }
                    },
                    {
                        "block": "minecraft:hopper",
                        "speed": 13,
                        "on_dig": {
                            "event": "dmg"
                        }
                    },
                    {
                        "block": "minecraft:redstone_block",
                        "speed": 13,
                        "on_dig": {
                            "event": "dmg"
                        }
                    },
                    {
                        "block": "minecraft:anvil",
                        "speed": 13,
                        "on_dig": {
                            "event": "dmg"
                        }
                    },
                    {
                        "block": "minecraft:bone_block",
                        "speed": 13,
                        "on_dig": {
                            "event": "dmg"
                        }
                    },
                    {
                        "block": "minecraft:mob_spawner",
                        "speed": 13,
                        "on_dig": {
                            "event": "dmg"
                        }
                    },
                    {
                        "block": "minecraft:netherite_block",
                        "speed": 13,
                        "on_dig": {
                            "event": "dmg"
                        }
                    },
                    {
                        "block": "minecraft:smooth_stone",
                        "speed": 13,
                        "on_dig": {
                            "event": "dmg"
                        }
                    },
                    {
                        "block": "minecraft:diamond_block",
                        "speed": 13,
                        "on_dig": {
                            "event": "dmg"
                        }
                    },
                    {
                        "block": "minecraft:lapis_block",
                        "speed": 13,
                        "on_dig": {
                            "event": "dmg"
                        }
                    },
                    {
                        "block": "minecraft:emerald_block",
                        "speed": 13,
                        "on_dig": {
                            "event": "dmg"
                        }
                    },
                    {
                        "block": "minecraft:enchanting_table",
                        "speed": 13,
                        "on_dig": {
                            "event": "dmg"
                        }
                    },
                    {
                        "block": "minecraft:end_bricks",
                        "speed": 13,
                        "on_dig": {
                            "event": "dmg"
                        }
                    },
                    {
                        "block": "minecraft:cracked_polished_blackstone_bricks",
                        "speed": 13,
                        "on_dig": {
                            "event": "dmg"
                        }
                    },
                    {
                        "block": "minecraft:nether_brick",
                        "speed": 13,
                        "on_dig": {
                            "event": "dmg"
                        }
                    },
                    {
                        "block": "minecraft:cracked_nether_bricks",
                        "speed": 13,
                        "on_dig": {
                            "event": "dmg"
                        }
                    },
                    {
                        "block": "minecraft:purpur_block",
                        "speed": 13,
                        "on_dig": {
                            "event": "dmg"
                        }
                    },
                    {
                        "block": "minecraft:purpur_stairs",
                        "speed": 13,
                        "on_dig": {
                            "event": "dmg"
                        }
                    },
                    {
                        "block": "minecraft:end_brick_stairs",
                        "speed": 13,
                        "on_dig": {
                            "event": "dmg"
                        }
                    },
                    {
                        "block": "minecraft:stone_slab2",
                        "speed": 13,
                        "on_dig": {
                            "event": "dmg"
                        }
                    },
                    {
                        "block": "minecraft:stone_slab3",
                        "speed": 13,
                        "on_dig": {
                            "event": "dmg"
                        }
                    },
                    {
                        "block": "minecraft:stone_brick_stairs",
                        "speed": 13,
                        "on_dig": {
                            "event": "dmg"
                        }
                    },
                    {
                        "block": "minecraft:mossy_stone_brick_stairs",
                        "speed": 13,
                        "on_dig": {
                            "event": "dmg"
                        }
                    },
                    {
                        "block": "minecraft:polished_blackstone_bricks",
                        "speed": 13,
                        "on_dig": {
                            "event": "dmg"
                        }
                    },
                    {
                        "block": "minecraft:polished_blackstone_stairs",
                        "speed": 13,
                        "on_dig": {
                            "event": "dmg"
                        }
                    },
                    {
                        "block": "minecraft:blackstone_wall",
                        "speed": 13,
                        "on_dig": {
                            "event": "dmg"
                        }
                    },
                    {
                        "block": "minecraft:blackstone_wall",
                        "speed": 13,
                        "on_dig": {
                            "event": "dmg"
                        }
                    },
                    {
                        "block": "minecraft:polished_blackstone_wall",
                        "speed": 13,
                        "on_dig": {
                            "event": "dmg"
                        }
                    },
                    {
                        "block": "minecraft:sandstone",
                        "speed": 13,
                        "on_dig": {
                            "event": "dmg"
                        }
                    },
                    {
                        "block": "minecraft:grindstone",
                        "speed": 13,
                        "on_dig": {
                            "event": "dmg"
                        }
                    },
                    {
                        "block": "minecraft:smooth_stone",
                        "speed": 13,
                        "on_dig": {
                            "event": "dmg"
                        }
                    },
                    {
                        "block": "minecraft:brewing_stand",
                        "speed": 13,
                        "on_dig": {
                            "event": "dmg"
                        }
                    },
                    {
                        "block": "minecraft:chain",
                        "speed": 13,
                        "on_dig": {
                            "event": "dmg"
                        }
                    },
                    {
                        "block": "minecraft:lantern",
                        "speed": 13,
                        "on_dig": {
                            "event": "dmg"
                        }
                    },
                    {
                        "block": "minecraft:soul_lantern",
                        "speed": 13,
                        "on_dig": {
                            "event": "dmg"
                        }
                    },
                    {
                        "block": "minecraft:ancient_debris",
                        "speed": 13,
                        "on_dig": {
                            "event": "dmg"
                        }
                    },
                    {
                        "block": "minecraft:quartz_ore",
                        "speed": 13,
                        "on_dig": {
                            "event": "dmg"
                        }
                    },
                    {
                        "block": "minecraft:netherrack",
                        "speed": 13,
                        "on_dig": {
                            "event": "dmg"
                        }
                    },
                    {
                        "block": "minecraft:basalt",
                        "speed": 13,
                        "on_dig": {
                            "event": "dmg"
                        }
                    },
                    {
                        "block": "minecraft:polished_basalt",
                        "speed": 13,
                        "on_dig": {
                            "event": "dmg"
                        }
                    },
                    {
                        "block": "minecraft:stonebrick",
                        "speed": 13,
                        "on_dig": {
                            "event": "dmg"
                        }
                    },
                    {
                        "block": "minecraft:warped_nylium",
                        "speed": 13,
                        "on_dig": {
                            "event": "dmg"
                        }
                    },
                    {
                        "block": "minecraft:crimson_nylium",
                        "speed": 13,
                        "on_dig": {
                            "event": "dmg"
                        }
                    },
                    {
                        "block": "minecraft:end_stone",
                        "speed": 13,
                        "on_dig": {
                            "event": "dmg"
                        }
                    },
                    {
                        "block": "minecraft:end_rod",
                        "speed": 13,
                        "on_dig": {
                            "event": "dmg"
                        }
                    },
                    {
                        "block": "minecraft:ender_chest",
                        "speed": 13,
                        "on_dig": {
                            "event": "dmg"
                        }
                    },
                    {
                        "block": "minecraft:quartz_block",
                        "speed": 13,
                        "on_dig": {
                            "event": "dmg"
                        }
                    },
                    {
                        "block": "minecraft:quartz_stairs",
                        "speed": 13,
                        "on_dig": {
                            "event": "dmg"
                        }
                    },
                    {
                        "block": "minecraft:quartz_bricks",
                        "speed": 13,
                        "on_dig": {
                            "event": "dmg"
                        }
                    },
                    {
                        "block": "minecraft:quartz_stairs",
                        "speed": 13,
                        "on_dig": {
                            "event": "dmg"
                        }
                    },
                    {
                        "block": "minecraft:nether_gold_ore",
                        "speed": 13,
                        "on_dig": {
                            "event": "dmg"
                        }
                    },
                    {
                        "block": "minecraft:furnace",
                        "speed": 13,
                        "on_dig": {
                            "event": "dmg"
                        }
                    },
                    {
                        "block": "minecraft:blast_furnace",
                        "speed": 13,
                        "on_dig": {
                            "event": "dmg"
                        }
                    },
                    {
                        "block": "minecraft:lit_furnace",
                        "speed": 13,
                        "on_dig": {
                            "event": "dmg"
                        }
                    },
                    {
                        "block": "minecraft:blast_furnace",
                        "speed": 13,
                        "on_dig": {
                            "event": "dmg"
                        }
                    },
                    {
                        "block": "minecraft:blackstone",
                        "speed": 13,
                        "on_dig": {
                            "event": "dmg"
                        }
                    }
                ],
                "on_dig": {
                    "event": "dmg"
                }
            },
            "minecraft:creative_category": {
                "parent": "itemGroup.name.pickaxe"
            }
        },
        "events": {
            "dmg": {
                "damage": {
                    "type": "none",
                    "amount": 1,
                    "target": "self"
                }
            },
            "gg": {
                "sequence": [
                    {
                        "damage": {
                            "type": "none",
                            "amount": 1,
                            "target": "self"
                        }
                    },
                    {
                        "add_mob_effect": {
                            "target": "other",
                            "duration": 10,
                            "amplifier": 1,
                            "effect": "weakness"
                        }
                    }
                ]
            },
            "on_tool_used": {
                "swing": {},
                "damage": {
                    "type": "durability",
                    "amount": 1,
                    "target": "self"
                }
            }
        }
    }
}