{
    "format_version": "1.12",
    "minecraft:recipe_shaped": {
        "description": {
            "identifier": "thatchy:stick"
        },
        "tags": [
            "crafting_table"
        ],
        "pattern": [
            "  A",
            " B ",
            "C  "
        ],
        "key": {
            "A": {
                "item": "thatchy:necrotic_bone",
                "data": 0
            },
            "B": {
                "item": "thatchy:gold_bone",
                "data": 0
            },
            "C": {
                "item": "thatchy:drown_bone",
                "data": 0
            }
        },
        "result": {
            "item": "thatchy:stick",
            "count": 1
        }
    }
}